SupportInFreedom.Q1,v2,v3,SupportInFreedom.Q4,SupportInFreedom.Q5,v6
-1.6335078531962297,0.40578574520807725,-0.5130689215968507,0.02074420962018654,-0.015570543937220438,1.180446551859132
0.16240413059432757,2.299822285857057,0.5103387030386342,0.23253785853893597,1.0899262924290223,0.5301503731189874
-0.2889559288408617,1.6436021139295283,-0.2141715891532033,-0.7523768953336092,-0.2710771783221149,0.7423317870896808
0.9507039937974362,-1.0298774593171829,-2.7313843431821803,0.6297144867902618,0.13873479289931662,-0.4684951051934769
-1.1197665688741194,0.1559174223361054,-1.2946454966434748,1.5001121758641076,0.942669279977675,-0.808113757062344
