SupportInFreedom.Q1,v2,v3,SupportInFreedom.Q4,SupportInFreedom.Q5,v6
-0.30873614152622786,0.7965602663022692,0.3677133389844407,-1.32226746157295,0.7300679314463173,0.11297996586559282
0.07995964123408907,-0.09110985381343144,0.1959079690389548,-0.7119807606689521,-0.5735782541932746,1.0463405135318227
-0.7808450640635112,2.3489910305487265,-1.7494859735332153,0.08162197379535192,-0.07711815619639573,1.1749138148611338
-0.763586175205498,-1.2207908517289396,-1.4150376334969648,2.0230100919888314,-0.09499471163194809,-0.18001578084719141
1.0642900264461068,0.768205019821895,-0.6838776767199504,0.07959129142468763,-0.01091774472033492,0.7861537306407275
