SupportInFreedom.Q1,v2,v3,SupportInFreedom.Q4,SupportInFreedom.Q5,v6
-0.8970522448628883,0.1674573633648375,-0.9148550195107411,-0.47981417677917515,0.36630832915588385,-0.20210601633880113
-0.5389304124887834,-0.9864705087564001,-1.3732809772883479,2.509238887592019,0.4301570396304758,-0.3964206881872293
1.341919925947048,-0.9733028091006588,-0.6665839749645536,1.2196396990363008,-0.12156064489813874,0.16405732830695963
0.3267742223021768,0.2839378984190367,-1.4636112649090387,0.8313526071542018,1.1290041213861624,-1.2483509985609982
1.979569118715443,0.6075870769563888,-0.7361884370115264,0.5656406960737058,0.5941968472801569,0.13909919689938063
