SupportInFreedom.Q1,v2,v3,SupportInFreedom.Q4,SupportInFreedom.Q5,v6
-0.5710898864806455,-0.1607591081330954,-0.8124868856691277,-0.4278568720187647,0.3699574816423765,0.817250801750983
-0.4244422284638327,-0.8855792575634923,-0.26961649497075874,1.3056352637920638,-0.034727145987423796,0.30007088947112376
-0.8347323422456635,-1.4411521776928797,-1.27473494444378,1.1890934945998144,-1.562270723749762,-0.9952958182253809
0.13465359099554475,-0.9128468254798326,-1.144352411221129,-1.9151723806019205,-0.5921600550589217,0.04005409631447226
0.4216623928033298,-0.24921270102605034,-0.4427657318100427,0.2983793894619615,0.03058632807936437,0.4270623116029116
