SupportInFreedom.Q1,v2,v3,SupportInFreedom.Q4,SupportInFreedom.Q5,v6
0.23798774007286053,-0.03583832259031735,-0.47956287005808734,-0.4755327420742571,0.5420451324347552,-0.16222442960522074
0.4458648724209892,0.9206922475853425,0.7918931638410003,0.6388941204129333,0.36860537672586763,-1.3065956664771812
0.37291692102891255,0.37597023593437334,-0.3325390728810851,-0.32926277347758476,-0.0571148696889616,0.2726666416260586
0.24207784230318324,-0.8404756862306805,-0.9949443492367293,-0.33575286192652815,-0.5796283098834079,0.25611726426493775
0.10549712367435908,1.6885835729967995,-1.6821600298783392,-0.23077779342595006,-0.1320711133649707,0.04900534706222249
