SupportInFreedom.Q1,v2,v3,SupportInFreedom.Q4,SupportInFreedom.Q5,v6
0.5588643761482615,0.1931830012233692,0.19586105260984663,-0.7873717338105537,1.5149109855684901,0.8985204667897692
0.9058829144893946,-0.9813464944131143,0.43343994474662284,-1.606922280546213,0.8513646681796831,1.2641928752989218
-1.3291820578483249,-0.7247443683861355,-0.8555716525287175,2.4333570334703203,1.028987281432356,0.8626869087157678
0.18218435899476043,-0.645616902554899,-0.07182451133330331,-0.2849799622914275,0.4898209440937239,0.1926098260822292
-0.2877198610959575,-0.7762273326542727,1.2767095273996925,0.4365340569393451,-1.1336801083159165,-1.4299742100496484
