SupportInFreedom.Q1,v2,v3,SupportInFreedom.Q4,SupportInFreedom.Q5,v6
1.8519481861699587,-0.13496730702562007,-0.17896377470739028,-0.5190001286989652,-1.239201897088739,-0.10558904301481162
-0.5637181575373259,-0.4015809249986466,-0.325779775384334,-0.040453460460525045,0.1460619039963669,1.8682608973405117
-0.991889078674085,2.099128883939607,0.24887816611136715,-0.40676511826821826,-0.6706763639991673,-1.1565514782654998
-0.4224317127834726,0.11477506655967351,-0.5623542200040595,2.833368233946728,-0.16517331807848915,-0.9999237391391497
-0.31827591744623807,0.6938519902519381,0.09886464219919017,-0.757794399407522,-0.4875218222916891,-0.961296689731647
